{
   "cameraMatrix": [1.31158505e+03, 0.00000000e+00, 9.36700036e+02, 
                    0.00000000e+00, 1.30455550e+03, 6.14534031e+02, 
                    0.00000000e+00, 0.00000000e+00, 1.00000000e+00],
   "distortionCoef": [-0.04166912, 0.14864705, 0.00536612, -0.00440809, -0.09600988],
   "newCameraMatrix": [ [1.31683386e+03, 0.00000000e+00, 9.28475817e+02],
                        [0.00000000e+00, 1.29594660e+03, 6.18198503e+02],
                        [0.00000000e+00, 0.00000000e+00, 1.00000000e+00]]
}