{
    "cameraMatrix": [1.01680609e+03, 0.00000000e+00, 1.02173820e+03,
                     0.00000000e+00, 1.02145366e+03, 4.90899903e+02,
                     0.00000000e+00, 0.00000000e+00, 1.00000000e+00],
    "distortionCoef": [-0.04784596, 0.06256373, -0.00207121, 0.0110798, -0.00174989]

}